Id;Start time;Completion time;Email;Name;Language;Data de Nascimento;Altura;Peso
15;24/06/2026 19:06;24/06/2026 19:55;anonymous;;;09/05/2008;1.78;97.00
1;24/06/2026 19:18;24/06/2026 19:20;anonymous;;;07/06/1978;177;70
2;24/06/2026 19:20;24/06/2026 19:23;anonymous;;;03/02/1967;1165;72
3;24/06/2026 19:23;24/06/2026 19:25;anonymous;;;16/08/1973;160;68
4;24/06/2026 19:36;24/06/2026 19:39;anonymous;;;12/12/2006;1,85;72kg
8;24/06/2026 19:36;24/06/2026 19:46;anonymous;;;12/06/2001;1.70;67
5;24/06/2026 19:40;24/06/2026 19:41;anonymous;;;12/05/2005;1,80;71,82
6;24/06/2026 19:41;24/06/2026 19:41;anonymous;;;09/12/2007;1,57;67kg
7;24/06/2026 19:42;24/06/2026 19:42;anonymous;;;28/02/2010;173;60
10;24/06/2026 19:42;24/06/2026 19:47;anonymous;;;12/07/2007;1.69;66
9;24/06/2026 19:46;24/06/2026 19:47;anonymous;;;18/03/2010;1.80;78
11;24/06/2026 19:47;24/06/2026 19:51;anonymous;;;16/06/1971;1.77;80
12;24/06/2026 19:48;24/06/2026 19:52;anonymous;;;10/02/1989;1.89;90kl
13;24/06/2026 19:52;24/06/2026 19:53;anonymous;;;18/12/2003;1.68;95
17;24/06/2026 19:52;24/06/2026 19:59;anonymous;;;01/08/2008;175;48
14;24/06/2026 19:54;24/06/2026 19:55;anonymous;;;05/01/2001;1.80;73
18;24/06/2026 19:55;24/06/2026 20:00;anonymous;;;08/11/1998;1,65;98
16;24/06/2026 19:57;24/06/2026 19:58;anonymous;;;15/04/2004;1.76;82
19;24/06/2026 19:59;24/06/2026 20:01;anonymous;;;20/08/1970;1.77;87
20;24/06/2026 20:00;24/06/2026 20:01;anonymous;;;05/05/1969;1,74;78
21;24/06/2026 20:00;24/06/2026 20:01;anonymous;;;05/01/2007;1,69;52
23;24/06/2026 20:01;24/06/2026 20:03;anonymous;;;04/12/2009;1.70;64
22;24/06/2026 20:01;24/06/2026 20:02;anonymous;;;13/08/2008;170;50
24;24/06/2026 20:03;24/06/2026 20:04;anonymous;;;23/04/2008;1,65;70
25;24/06/2026 20:03;24/06/2026 20:04;anonymous;;;31/03/2010;1,69;55 kg
28;24/06/2026 20:04;24/06/2026 20:06;anonymous;;;11/08/2002;1,77;85
27;24/06/2026 20:04;24/06/2026 20:05;anonymous;;;08/12/2005;1,83;90
26;24/06/2026 20:04;24/06/2026 20:05;anonymous;;;23/04/2009;1,65cm;69kg
29;24/06/2026 20:05;24/06/2026 20:09;anonymous;;;15/09/2004;1.70;70
33;24/06/2026 20:08;24/06/2026 20:12;anonymous;;;06/06/2001;184cm;120kg
30;24/06/2026 20:09;24/06/2026 20:09;anonymous;;;02/10/2006;1,73;70
31;24/06/2026 20:10;24/06/2026 20:12;anonymous;;;06/02/2009;1,64;80
32;24/06/2026 20:11;24/06/2026 20:12;anonymous;;;19/09/2005;1,80;80
34;24/06/2026 20:12;24/06/2026 20:12;anonymous;;;19/08/2009;1,70;65
35;24/06/2026 20:12;24/06/2026 20:13;anonymous;;;03/07/2004;1,65;65
36;24/06/2026 20:12;24/06/2026 20:17;anonymous;;;10/06/2026;1,81cm;105kg
37;24/06/2026 20:17;24/06/2026 20:18;anonymous;;;08/11/1980;1,61;51
38;24/06/2026 20:18;24/06/2026 20:19;anonymous;;;17/07/1986;1,57;61
39;24/06/2026 20:20;24/06/2026 20:21;anonymous;;;02/07/2008;1.65;55
41;24/06/2026 20:33;24/06/2026 20:36;anonymous;;;11/05/1989;1,80;110 kg
40;24/06/2026 20:33;24/06/2026 20:35;anonymous;;;08/08/1997;1,81;113
42;24/06/2026 20:34;24/06/2026 20:37;anonymous;;;14/02/1967;1.49 m;72 kg
43;30/06/2026 20:37;30/06/2026 20:38;anonymous;;;11/10/2004;1,70;58kg
44;30/06/2026 20:37;30/06/2026 20:38;anonymous;;;22/10/1994;184;61
45;30/06/2026 20:38;30/06/2026 20:39;anonymous;;;29/09/2004;1,70;71,6kg
46;30/06/2026 20:39;30/06/2026 20:40;anonymous;;;14/07/2005;1,61;64,3kg
47;30/06/2026 20:40;30/06/2026 20:41;anonymous;;;18/04/2006;1,65;68kg
48;30/06/2026 20:39;30/06/2026 20:41;anonymous;;;11/05/1989;180;105
49;30/06/2026 20:41;30/06/2026 20:42;anonymous;;;02/05/2002;1,59;68,4kg
50;30/06/2026 20:41;30/06/2026 20:42;anonymous;;;18/08/2000;180;60
51;30/06/2026 20:42;30/06/2026 20:43;anonymous;;;08/03/2000;167;132
52;30/06/2026 20:44;30/06/2026 20:44;anonymous;;;10/03/1996;181;105
53;30/06/2026 20:44;30/06/2026 20:45;anonymous;;;31/05/1977;179;83
54;30/06/2026 20:45;30/06/2026 20:46;anonymous;;;21/07/1999;178;76
55;30/06/2026 20:47;30/06/2026 20:47;anonymous;;;26/06/2007;178;65
56;30/06/2026 20:48;30/06/2026 20:48;anonymous;;;29/03/2006;180;60
57;30/06/2026 20:48;30/06/2026 20:49;anonymous;;;17/09/2008;184;71
58;30/06/2026 20:49;30/06/2026 20:49;anonymous;;;17/07/1986;157;61
59;30/06/2026 20:50;30/06/2026 20:50;anonymous;;;31/03/2004;182;75
60;30/06/2026 20:50;30/06/2026 20:51;anonymous;;;03/07/2004;165;60
61;30/06/2026 20:51;30/06/2026 20:51;anonymous;;;03/09/2010;164;42
62;30/06/2026 20:51;30/06/2026 20:52;anonymous;;;18/12/2003;168;95
63;30/06/2026 20:52;30/06/2026 20:53;anonymous;;;23/03/1972;167;64
64;30/06/2026 20:53;30/06/2026 20:54;anonymous;;;15/08/2009;171;65
65;30/06/2026 20:54;30/06/2026 20:55;anonymous;;;17/06/2009;170;58
66;30/06/2026 20:55;30/06/2026 20:56;anonymous;;;15/08/1990;168;90
67;30/06/2026 20:56;30/06/2026 20:57;anonymous;;;03/11/1975;183;90
68;30/06/2026 20:57;30/06/2026 20:57;anonymous;;;15/06/1982;182;102
69;30/06/2026 20:58;30/06/2026 20:59;anonymous;;;14/12/1986;157;60
70;30/06/2026 20:59;30/06/2026 20:59;anonymous;;;16/02/1987;155;60
71;30/06/2026 21:00;30/06/2026 21:01;anonymous;;;10/03/2005;1.80;1.90
72;30/06/2026 21:03;30/06/2026 21:04;anonymous;;;11/09/2004;185;130
73;30/06/2026 21:03;30/06/2026 21:04;anonymous;;;11/09/2004;1,85;130
74;30/06/2026 21:01;30/06/2026 21:05;anonymous;;;15/04/1985;172;79
75;30/06/2026 21:05;30/06/2026 21:05;anonymous;;;22/11/2001;165;62
76;30/06/2026 21:01;30/06/2026 21:05;anonymous;;;28/12/1974;1,81;111kg
77;30/06/2026 21:04;30/06/2026 21:05;anonymous;;;23/09/2005;190;120
78;30/06/2026 21:04;30/06/2026 21:05;anonymous;;;18/12/2001;187;100
79;30/06/2026 21:05;30/06/2026 21:05;anonymous;;;03/08/1968;188;115.6
80;30/06/2026 21:05;30/06/2026 21:06;anonymous;;;09/01/1987;173;94
81;30/06/2026 21:05;30/06/2026 21:06;anonymous;;;19/01/1994;160;69
82;30/06/2026 21:05;30/06/2026 21:06;anonymous;;;15/06/2005;182;90
83;30/06/2026 21:05;30/06/2026 21:06;anonymous;;;08/08/2006;181;79
84;30/06/2026 21:05;30/06/2026 21:06;anonymous;;;18/12/2001;1,87;96
85;30/06/2026 21:06;30/06/2026 21:06;anonymous;;;30/06/2005;1.78;98
86;30/06/2026 21:05;30/06/2026 21:06;anonymous;;;17/04/2026;180;53
87;30/06/2026 21:06;30/06/2026 21:06;anonymous;;;13/08/2007;180;67
88;30/06/2026 21:05;30/06/2026 21:07;anonymous;;;12/05/2005;1,80;72,50
89;30/06/2026 21:06;30/06/2026 21:07;anonymous;;;27/09/1999;1.59m;60,5
90;30/06/2026 21:06;30/06/2026 21:07;anonymous;;;08/08/2006;1,81;79
91;30/06/2026 21:06;30/06/2026 21:07;anonymous;;;13/12/2008;178;72
92;30/06/2026 21:07;30/06/2026 21:07;anonymous;;;19/07/1987;1.77;136,80
93;30/06/2026 21:07;30/06/2026 21:07;anonymous;;;21/11/1988;174;99
94;30/06/2026 21:07;30/06/2026 21:08;anonymous;;;09/08/2008;164;71
95;30/06/2026 21:08;30/06/2026 21:08;anonymous;;;11/03/1973;168;58
